{
    "$schema": "https://schema.management.azure.com/schemas/2015-01-01/deploymentParameters.json#",
    "contentVersion": "1.0.0.0",
    "parameters": {
        "azureFirewalls_2firewall_ms365ent_name": {
            "value": null
        },
        "publicIPAddresses_4firewal_publicip_externalid": {
            "value": null
        },
        "virtualNetworks_1ms365entvnet1fw_externalid": {
            "value": null
        },
        "firewallPolicies_3firewall_policy_externalid": {
            "value": null
        }
    }
}