{
    "$schema": "https://schema.management.azure.com/schemas/2019-04-01/deploymentTemplate.json#",
    "contentVersion": "1.0.0.0",
    "parameters": {
        "azureFirewalls_2firewall_ms365ent_name": {
            "defaultValue": "2firewall-ms365ent",
            "type": "String"
        },
        "publicIPAddresses_4firewal_publicip_externalid": {
            "defaultValue": "/subscriptions/6cfaa4da-a4b7-4bbe-91ba-2c23438b894c/resourceGroups/test-network-rg/providers/Microsoft.Network/publicIPAddresses/4firewal-publicip",
            "type": "String"
        },
        "virtualNetworks_1ms365entvnet1fw_externalid": {
            "defaultValue": "/subscriptions/6cfaa4da-a4b7-4bbe-91ba-2c23438b894c/resourceGroups/test-network-rg/providers/Microsoft.Network/virtualNetworks/1ms365entvnet1fw",
            "type": "String"
        },
        "firewallPolicies_3firewall_policy_externalid": {
            "defaultValue": "/subscriptions/6cfaa4da-a4b7-4bbe-91ba-2c23438b894c/resourceGroups/test-network-rg/providers/Microsoft.Network/firewallPolicies/3firewall-policy",
            "type": "String"
        }
    },
    "variables": {},
    "resources": [
        {
            "type": "Microsoft.Network/azureFirewalls",
            "apiVersion": "2023-06-01",
            "name": "[parameters('azureFirewalls_2firewall_ms365ent_name')]",
            "location": "eastus",
            "tags": {
                "firewall": "ms365ent"
            },
            "properties": {
                "sku": {
                    "name": "AZFW_VNet",
                    "tier": "Standard"
                },
                "threatIntelMode": "Alert",
                "additionalProperties": {},
                "ipConfigurations": [
                    {
                        "name": "4firewal-publicip",
                        "id": "[concat(resourceId('Microsoft.Network/azureFirewalls', parameters('azureFirewalls_2firewall_ms365ent_name')), '/azureFirewallIpConfigurations/4firewal-publicip')]",
                        "properties": {
                            "publicIPAddress": {
                                "id": "[parameters('publicIPAddresses_4firewal_publicip_externalid')]"
                            },
                            "subnet": {
                                "id": "[concat(parameters('virtualNetworks_1ms365entvnet1fw_externalid'), '/subnets/AzureFirewallSubnet')]"
                            }
                        }
                    }
                ],
                "networkRuleCollections": [],
                "applicationRuleCollections": [],
                "natRuleCollections": [],
                "firewallPolicy": {
                    "id": "[parameters('firewallPolicies_3firewall_policy_externalid')]"
                }
            }
        }
    ]
}