{
    "$schema": "https://schema.management.azure.com/schemas/2019-04-01/deploymentTemplate.json#",
    "contentVersion": "1.0.0.0",
    "parameters": {
        "routeTables_5firewall_route_name": {
            "defaultValue": "5firewall-route",
            "type": "String"
        }
    },
    "variables": {},
    "resources": [
        {
            "type": "Microsoft.Network/routeTables",
            "apiVersion": "2023-06-01",
            "name": "[parameters('routeTables_5firewall_route_name')]",
            "location": "eastus",
            "tags": {
                "route": "ms365ent"
            },
            "properties": {
                "disableBgpRoutePropagation": true,
                "routes": [
                    {
                        "name": "firwall-defaultgateway",
                        "id": "[resourceId('Microsoft.Network/routeTables/routes', parameters('routeTables_5firewall_route_name'), 'firwall-defaultgateway')]",
                        "properties": {
                            "addressPrefix": "0.0.0.0/0",
                            "nextHopType": "VirtualAppliance",
                            "nextHopIpAddress": "10.0.1.4",
                            "hasBgpOverride": false
                        },
                        "type": "Microsoft.Network/routeTables/routes"
                    }
                ]
            }
        },
        {
            "type": "Microsoft.Network/routeTables/routes",
            "apiVersion": "2023-06-01",
            "name": "[concat(parameters('routeTables_5firewall_route_name'), '/firwall-defaultgateway')]",
            "dependsOn": [
                "[resourceId('Microsoft.Network/routeTables', parameters('routeTables_5firewall_route_name'))]"
            ],
            "properties": {
                "addressPrefix": "0.0.0.0/0",
                "nextHopType": "VirtualAppliance",
                "nextHopIpAddress": "10.0.1.4",
                "hasBgpOverride": false
            }
        }
    ]
}