{
    "$schema": "https://schema.management.azure.com/schemas/2015-01-01/deploymentParameters.json#",
    "contentVersion": "1.0.0.0",
    "parameters": {
        "routeTables_5firewall_route_name": {
            "value": null
        },
        "virtualMachines_6servicework_vm_name": {
            "value": null
        },
        "virtualNetworks_1ms365entvnet1fw_name": {
            "value": null
        },
        "azureFirewalls_2firewall_ms365ent_name": {
            "value": null
        },
        "firewallPolicies_3firewall_policy_name": {
            "value": null
        },
        "publicIPAddresses_4firewal_publicip_name": {
            "value": null
        },
        "networkInterfaces_6servicework_vm236_name": {
            "value": null
        },
        "networkSecurityGroups_6servicework_vm_nsg_name": {
            "value": null
        },
        "schedules_shutdown_computevm_6servicework_vm_name": {
            "value": null
        }
    }
}