{
    "$schema": "https://schema.management.azure.com/schemas/2019-04-01/deploymentTemplate.json#",
    "contentVersion": "1.0.0.0",
    "parameters": {
        "routeTables_5firewall_route_name": {
            "defaultValue": "5firewall-route",
            "type": "String"
        },
        "virtualMachines_6servicework_vm_name": {
            "defaultValue": "6servicework-vm",
            "type": "String"
        },
        "virtualNetworks_1ms365entvnet1fw_name": {
            "defaultValue": "1ms365entvnet1fw",
            "type": "String"
        },
        "azureFirewalls_2firewall_ms365ent_name": {
            "defaultValue": "2firewall-ms365ent",
            "type": "String"
        },
        "firewallPolicies_3firewall_policy_name": {
            "defaultValue": "3firewall-policy",
            "type": "String"
        },
        "publicIPAddresses_4firewal_publicip_name": {
            "defaultValue": "4firewal-publicip",
            "type": "String"
        },
        "networkInterfaces_6servicework_vm236_name": {
            "defaultValue": "6servicework-vm236",
            "type": "String"
        },
        "networkSecurityGroups_6servicework_vm_nsg_name": {
            "defaultValue": "6servicework-vm-nsg",
            "type": "String"
        },
        "schedules_shutdown_computevm_6servicework_vm_name": {
            "defaultValue": "shutdown-computevm-6servicework-vm",
            "type": "String"
        }
    },
    "variables": {},
    "resources": [
        {
            "type": "Microsoft.Network/firewallPolicies",
            "apiVersion": "2023-06-01",
            "name": "[parameters('firewallPolicies_3firewall_policy_name')]",
            "location": "eastus",
            "properties": {
                "sku": {
                    "tier": "Standard"
                },
                "threatIntelMode": "Alert"
            }
        },
        {
            "type": "Microsoft.Network/networkSecurityGroups",
            "apiVersion": "2023-06-01",
            "name": "[parameters('networkSecurityGroups_6servicework_vm_nsg_name')]",
            "location": "eastus",
            "tags": {
                "virtualmachine": "ms365ent"
            },
            "properties": {
                "securityRules": []
            }
        },
        {
            "type": "Microsoft.Network/publicIPAddresses",
            "apiVersion": "2023-06-01",
            "name": "[parameters('publicIPAddresses_4firewal_publicip_name')]",
            "location": "eastus",
            "tags": {
                "firewall": "ms365ent"
            },
            "sku": {
                "name": "Standard",
                "tier": "Regional"
            },
            "properties": {
                "ipAddress": "23.101.142.188",
                "publicIPAddressVersion": "IPv4",
                "publicIPAllocationMethod": "Static",
                "idleTimeoutInMinutes": 4,
                "ipTags": []
            }
        },
        {
            "type": "Microsoft.Network/routeTables",
            "apiVersion": "2023-06-01",
            "name": "[parameters('routeTables_5firewall_route_name')]",
            "location": "eastus",
            "tags": {
                "route": "ms365ent"
            },
            "properties": {
                "disableBgpRoutePropagation": true,
                "routes": [
                    {
                        "name": "firwall-defaultgateway",
                        "id": "[resourceId('Microsoft.Network/routeTables/routes', parameters('routeTables_5firewall_route_name'), 'firwall-defaultgateway')]",
                        "properties": {
                            "addressPrefix": "0.0.0.0/0",
                            "nextHopType": "VirtualAppliance",
                            "nextHopIpAddress": "10.0.1.4",
                            "hasBgpOverride": false
                        },
                        "type": "Microsoft.Network/routeTables/routes"
                    }
                ]
            }
        },
        {
            "type": "Microsoft.Compute/virtualMachines",
            "apiVersion": "2023-03-01",
            "name": "[parameters('virtualMachines_6servicework_vm_name')]",
            "location": "eastus",
            "dependsOn": [
                "[resourceId('Microsoft.Network/networkInterfaces', parameters('networkInterfaces_6servicework_vm236_name'))]"
            ],
            "tags": {
                "virtualmachine": "ms365ent"
            },
            "properties": {
                "hardwareProfile": {
                    "vmSize": "Standard_D2s_v3"
                },
                "additionalCapabilities": {
                    "hibernationEnabled": false
                },
                "storageProfile": {
                    "imageReference": {
                        "publisher": "MicrosoftWindowsServer",
                        "offer": "WindowsServer",
                        "sku": "2019-datacenter-gensecond",
                        "version": "latest"
                    },
                    "osDisk": {
                        "osType": "Windows",
                        "name": "[concat(parameters('virtualMachines_6servicework_vm_name'), '_disk1_9eeeeb78527f4130b03b188a4017c7ca')]",
                        "createOption": "FromImage",
                        "caching": "ReadWrite",
                        "managedDisk": {
                            "storageAccountType": "Premium_LRS",
                            "id": "[resourceId('Microsoft.Compute/disks', concat(parameters('virtualMachines_6servicework_vm_name'), '_disk1_9eeeeb78527f4130b03b188a4017c7ca'))]"
                        },
                        "deleteOption": "Delete",
                        "diskSizeGB": 127
                    },
                    "dataDisks": [],
                    "diskControllerType": "SCSI"
                },
                "osProfile": {
                    "computerName": "[parameters('virtualMachines_6servicework_vm_name')]",
                    "adminUsername": "azureuser",
                    "windowsConfiguration": {
                        "provisionVMAgent": true,
                        "enableAutomaticUpdates": true,
                        "patchSettings": {
                            "patchMode": "AutomaticByOS",
                            "assessmentMode": "ImageDefault",
                            "enableHotpatching": false
                        },
                        "enableVMAgentPlatformUpdates": false
                    },
                    "secrets": [],
                    "allowExtensionOperations": true,
                    "requireGuestProvisionSignal": true
                },
                "securityProfile": {
                    "uefiSettings": {
                        "secureBootEnabled": true,
                        "vTpmEnabled": true
                    },
                    "securityType": "TrustedLaunch"
                },
                "networkProfile": {
                    "networkInterfaces": [
                        {
                            "id": "[resourceId('Microsoft.Network/networkInterfaces', parameters('networkInterfaces_6servicework_vm236_name'))]",
                            "properties": {
                                "deleteOption": "Detach"
                            }
                        }
                    ]
                },
                "diagnosticsProfile": {
                    "bootDiagnostics": {
                        "enabled": true
                    }
                }
            }
        },
        {
            "type": "microsoft.devtestlab/schedules",
            "apiVersion": "2018-09-15",
            "name": "[parameters('schedules_shutdown_computevm_6servicework_vm_name')]",
            "location": "eastus",
            "dependsOn": [
                "[resourceId('Microsoft.Compute/virtualMachines', parameters('virtualMachines_6servicework_vm_name'))]"
            ],
            "tags": {
                "virtualmachine": "ms365ent"
            },
            "properties": {
                "status": "Enabled",
                "taskType": "ComputeVmShutdownTask",
                "dailyRecurrence": {
                    "time": "1900"
                },
                "timeZoneId": "UTC",
                "notificationSettings": {
                    "status": "Disabled",
                    "timeInMinutes": 30,
                    "notificationLocale": "en"
                },
                "targetResourceId": "[resourceId('Microsoft.Compute/virtualMachines', parameters('virtualMachines_6servicework_vm_name'))]"
            }
        },
        {
            "type": "Microsoft.Network/firewallPolicies/ruleCollectionGroups",
            "apiVersion": "2023-06-01",
            "name": "[concat(parameters('firewallPolicies_3firewall_policy_name'), '/DefaultApplicationRuleCollectionGroup')]",
            "location": "eastus",
            "dependsOn": [
                "[resourceId('Microsoft.Network/firewallPolicies', parameters('firewallPolicies_3firewall_policy_name'))]"
            ],
            "properties": {
                "priority": 300,
                "ruleCollections": [
                    {
                        "ruleCollectionType": "FirewallPolicyFilterRuleCollection",
                        "action": {
                            "type": "Allow"
                        },
                        "rules": [
                            {
                                "ruleType": "ApplicationRule",
                                "name": "Allow-Google",
                                "protocols": [
                                    {
                                        "protocolType": "Http",
                                        "port": 80
                                    },
                                    {
                                        "protocolType": "Https",
                                        "port": 443
                                    }
                                ],
                                "fqdnTags": [],
                                "webCategories": [],
                                "targetFqdns": [
                                    "www.google.com"
                                ],
                                "targetUrls": [],
                                "terminateTLS": false,
                                "sourceAddresses": [
                                    "10.0.2.0/24"
                                ],
                                "destinationAddresses": [],
                                "sourceIpGroups": [],
                                "httpHeadersToInsert": []
                            }
                        ],
                        "name": "app-collection01",
                        "priority": 200
                    }
                ]
            }
        },
        {
            "type": "Microsoft.Network/firewallPolicies/ruleCollectionGroups",
            "apiVersion": "2023-06-01",
            "name": "[concat(parameters('firewallPolicies_3firewall_policy_name'), '/DefaultDnatRuleCollectionGroup')]",
            "location": "eastus",
            "dependsOn": [
                "[resourceId('Microsoft.Network/firewallPolicies', parameters('firewallPolicies_3firewall_policy_name'))]"
            ],
            "properties": {
                "priority": 100,
                "ruleCollections": [
                    {
                        "ruleCollectionType": "FirewallPolicyNatRuleCollection",
                        "action": {
                            "type": "Dnat"
                        },
                        "rules": [
                            {
                                "ruleType": "NatRule",
                                "name": "RDP-NAT",
                                "translatedAddress": "10.0.2.4",
                                "translatedPort": "3389",
                                "ipProtocols": [
                                    "TCP"
                                ],
                                "sourceAddresses": [
                                    "*"
                                ],
                                "sourceIpGroups": [],
                                "destinationAddresses": [
                                    "23.101.142.188"
                                ],
                                "destinationPorts": [
                                    "3389"
                                ]
                            }
                        ],
                        "name": "RDP",
                        "priority": 200
                    }
                ]
            }
        },
        {
            "type": "Microsoft.Network/firewallPolicies/ruleCollectionGroups",
            "apiVersion": "2023-06-01",
            "name": "[concat(parameters('firewallPolicies_3firewall_policy_name'), '/DefaultNetworkRuleCollectionGroup')]",
            "location": "eastus",
            "dependsOn": [
                "[resourceId('Microsoft.Network/firewallPolicies', parameters('firewallPolicies_3firewall_policy_name'))]"
            ],
            "properties": {
                "priority": 200,
                "ruleCollections": [
                    {
                        "ruleCollectionType": "FirewallPolicyFilterRuleCollection",
                        "action": {
                            "type": "Allow"
                        },
                        "rules": [
                            {
                                "ruleType": "NetworkRule",
                                "name": "Allow-DNS",
                                "ipProtocols": [
                                    "UDP"
                                ],
                                "sourceAddresses": [
                                    "10.0.2.0/24"
                                ],
                                "sourceIpGroups": [],
                                "destinationAddresses": [
                                    "209.244.0.3",
                                    "209.244.0.4"
                                ],
                                "destinationIpGroups": [],
                                "destinationFqdns": [],
                                "destinationPorts": [
                                    "53"
                                ]
                            }
                        ],
                        "name": "net-collection01",
                        "priority": 200
                    }
                ]
            }
        },
        {
            "type": "Microsoft.Network/routeTables/routes",
            "apiVersion": "2023-06-01",
            "name": "[concat(parameters('routeTables_5firewall_route_name'), '/firwall-defaultgateway')]",
            "dependsOn": [
                "[resourceId('Microsoft.Network/routeTables', parameters('routeTables_5firewall_route_name'))]"
            ],
            "properties": {
                "addressPrefix": "0.0.0.0/0",
                "nextHopType": "VirtualAppliance",
                "nextHopIpAddress": "10.0.1.4",
                "hasBgpOverride": false
            }
        },
        {
            "type": "Microsoft.Network/virtualNetworks",
            "apiVersion": "2023-06-01",
            "name": "[parameters('virtualNetworks_1ms365entvnet1fw_name')]",
            "location": "eastus",
            "dependsOn": [
                "[resourceId('Microsoft.Network/routeTables', parameters('routeTables_5firewall_route_name'))]"
            ],
            "tags": {
                "subnet": "ms365ent"
            },
            "properties": {
                "addressSpace": {
                    "addressPrefixes": [
                        "10.0.0.0/16"
                    ]
                },
                "encryption": {
                    "enabled": false,
                    "enforcement": "AllowUnencrypted"
                },
                "subnets": [
                    {
                        "name": "AzFWManagementSubnet",
                        "id": "[resourceId('Microsoft.Network/virtualNetworks/subnets', parameters('virtualNetworks_1ms365entvnet1fw_name'), 'AzFWManagementSubnet')]",
                        "properties": {
                            "addressPrefixes": [
                                "10.0.0.0/26"
                            ],
                            "delegations": [],
                            "privateEndpointNetworkPolicies": "Disabled",
                            "privateLinkServiceNetworkPolicies": "Enabled",
                            "defaultOutboundAccess": true
                        },
                        "type": "Microsoft.Network/virtualNetworks/subnets"
                    },
                    {
                        "name": "AzureFirewallSubnet",
                        "id": "[resourceId('Microsoft.Network/virtualNetworks/subnets', parameters('virtualNetworks_1ms365entvnet1fw_name'), 'AzureFirewallSubnet')]",
                        "properties": {
                            "addressPrefix": "10.0.1.0/24",
                            "serviceEndpoints": [],
                            "delegations": [],
                            "privateEndpointNetworkPolicies": "Disabled",
                            "privateLinkServiceNetworkPolicies": "Enabled"
                        },
                        "type": "Microsoft.Network/virtualNetworks/subnets"
                    },
                    {
                        "name": "WorkloadSubnet",
                        "id": "[resourceId('Microsoft.Network/virtualNetworks/subnets', parameters('virtualNetworks_1ms365entvnet1fw_name'), 'WorkloadSubnet')]",
                        "properties": {
                            "addressPrefixes": [
                                "10.0.2.0/24"
                            ],
                            "routeTable": {
                                "id": "[resourceId('Microsoft.Network/routeTables', parameters('routeTables_5firewall_route_name'))]"
                            },
                            "delegations": [],
                            "privateEndpointNetworkPolicies": "Disabled",
                            "privateLinkServiceNetworkPolicies": "Enabled",
                            "defaultOutboundAccess": true
                        },
                        "type": "Microsoft.Network/virtualNetworks/subnets"
                    }
                ],
                "virtualNetworkPeerings": [],
                "enableDdosProtection": false
            }
        },
        {
            "type": "Microsoft.Network/virtualNetworks/subnets",
            "apiVersion": "2023-06-01",
            "name": "[concat(parameters('virtualNetworks_1ms365entvnet1fw_name'), '/AzFWManagementSubnet')]",
            "dependsOn": [
                "[resourceId('Microsoft.Network/virtualNetworks', parameters('virtualNetworks_1ms365entvnet1fw_name'))]"
            ],
            "properties": {
                "addressPrefixes": [
                    "10.0.0.0/26"
                ],
                "delegations": [],
                "privateEndpointNetworkPolicies": "Disabled",
                "privateLinkServiceNetworkPolicies": "Enabled",
                "defaultOutboundAccess": true
            }
        },
        {
            "type": "Microsoft.Network/virtualNetworks/subnets",
            "apiVersion": "2023-06-01",
            "name": "[concat(parameters('virtualNetworks_1ms365entvnet1fw_name'), '/AzureFirewallSubnet')]",
            "dependsOn": [
                "[resourceId('Microsoft.Network/virtualNetworks', parameters('virtualNetworks_1ms365entvnet1fw_name'))]"
            ],
            "properties": {
                "addressPrefix": "10.0.1.0/24",
                "serviceEndpoints": [],
                "delegations": [],
                "privateEndpointNetworkPolicies": "Disabled",
                "privateLinkServiceNetworkPolicies": "Enabled"
            }
        },
        {
            "type": "Microsoft.Network/networkInterfaces",
            "apiVersion": "2023-06-01",
            "name": "[parameters('networkInterfaces_6servicework_vm236_name')]",
            "location": "eastus",
            "dependsOn": [
                "[resourceId('Microsoft.Network/virtualNetworks/subnets', parameters('virtualNetworks_1ms365entvnet1fw_name'), 'WorkloadSubnet')]",
                "[resourceId('Microsoft.Network/networkSecurityGroups', parameters('networkSecurityGroups_6servicework_vm_nsg_name'))]"
            ],
            "tags": {
                "virtualmachine": "ms365ent"
            },
            "kind": "Regular",
            "properties": {
                "ipConfigurations": [
                    {
                        "name": "ipconfig1",
                        "id": "[concat(resourceId('Microsoft.Network/networkInterfaces', parameters('networkInterfaces_6servicework_vm236_name')), '/ipConfigurations/ipconfig1')]",
                        "etag": "W/\"e5063e4f-f9d9-487b-87cb-686f422a80f0\"",
                        "type": "Microsoft.Network/networkInterfaces/ipConfigurations",
                        "properties": {
                            "provisioningState": "Succeeded",
                            "privateIPAddress": "10.0.2.4",
                            "privateIPAllocationMethod": "Dynamic",
                            "subnet": {
                                "id": "[resourceId('Microsoft.Network/virtualNetworks/subnets', parameters('virtualNetworks_1ms365entvnet1fw_name'), 'WorkloadSubnet')]"
                            },
                            "primary": true,
                            "privateIPAddressVersion": "IPv4"
                        }
                    }
                ],
                "dnsSettings": {
                    "dnsServers": [
                        "209.244.0.3",
                        "209.244.0.4"
                    ]
                },
                "enableAcceleratedNetworking": true,
                "enableIPForwarding": false,
                "disableTcpStateTracking": false,
                "networkSecurityGroup": {
                    "id": "[resourceId('Microsoft.Network/networkSecurityGroups', parameters('networkSecurityGroups_6servicework_vm_nsg_name'))]"
                },
                "nicType": "Standard",
                "auxiliaryMode": "None",
                "auxiliarySku": "None"
            }
        },
        {
            "type": "Microsoft.Network/virtualNetworks/subnets",
            "apiVersion": "2023-06-01",
            "name": "[concat(parameters('virtualNetworks_1ms365entvnet1fw_name'), '/WorkloadSubnet')]",
            "dependsOn": [
                "[resourceId('Microsoft.Network/virtualNetworks', parameters('virtualNetworks_1ms365entvnet1fw_name'))]",
                "[resourceId('Microsoft.Network/routeTables', parameters('routeTables_5firewall_route_name'))]"
            ],
            "properties": {
                "addressPrefixes": [
                    "10.0.2.0/24"
                ],
                "routeTable": {
                    "id": "[resourceId('Microsoft.Network/routeTables', parameters('routeTables_5firewall_route_name'))]"
                },
                "delegations": [],
                "privateEndpointNetworkPolicies": "Disabled",
                "privateLinkServiceNetworkPolicies": "Enabled",
                "defaultOutboundAccess": true
            }
        },
        {
            "type": "Microsoft.Network/azureFirewalls",
            "apiVersion": "2023-06-01",
            "name": "[parameters('azureFirewalls_2firewall_ms365ent_name')]",
            "location": "eastus",
            "dependsOn": [
                "[resourceId('Microsoft.Network/publicIPAddresses', parameters('publicIPAddresses_4firewal_publicip_name'))]",
                "[resourceId('Microsoft.Network/virtualNetworks/subnets', parameters('virtualNetworks_1ms365entvnet1fw_name'), 'AzureFirewallSubnet')]",
                "[resourceId('Microsoft.Network/firewallPolicies', parameters('firewallPolicies_3firewall_policy_name'))]"
            ],
            "tags": {
                "firewall": "ms365ent"
            },
            "properties": {
                "sku": {
                    "name": "AZFW_VNet",
                    "tier": "Standard"
                },
                "threatIntelMode": "Alert",
                "additionalProperties": {},
                "ipConfigurations": [
                    {
                        "name": "4firewal-publicip",
                        "id": "[concat(resourceId('Microsoft.Network/azureFirewalls', parameters('azureFirewalls_2firewall_ms365ent_name')), '/azureFirewallIpConfigurations/4firewal-publicip')]",
                        "properties": {
                            "publicIPAddress": {
                                "id": "[resourceId('Microsoft.Network/publicIPAddresses', parameters('publicIPAddresses_4firewal_publicip_name'))]"
                            },
                            "subnet": {
                                "id": "[resourceId('Microsoft.Network/virtualNetworks/subnets', parameters('virtualNetworks_1ms365entvnet1fw_name'), 'AzureFirewallSubnet')]"
                            }
                        }
                    }
                ],
                "networkRuleCollections": [],
                "applicationRuleCollections": [],
                "natRuleCollections": [],
                "firewallPolicy": {
                    "id": "[resourceId('Microsoft.Network/firewallPolicies', parameters('firewallPolicies_3firewall_policy_name'))]"
                }
            }
        }
    ]
}