{
    "$schema": "https://schema.management.azure.com/schemas/2019-04-01/deploymentTemplate.json#",
    "contentVersion": "1.0.0.0",
    "parameters": {
        "virtualMachines_6servicework_vm_name": {
            "defaultValue": "6servicework-vm",
            "type": "String"
        },
        "disks_6servicework_vm_disk1_9eeeeb78527f4130b03b188a4017c7ca_externalid": {
            "defaultValue": "/subscriptions/6cfaa4da-a4b7-4bbe-91ba-2c23438b894c/resourceGroups/test-network-rg/providers/Microsoft.Compute/disks/6servicework-vm_disk1_9eeeeb78527f4130b03b188a4017c7ca",
            "type": "String"
        },
        "networkInterfaces_6servicework_vm236_externalid": {
            "defaultValue": "/subscriptions/6cfaa4da-a4b7-4bbe-91ba-2c23438b894c/resourceGroups/test-network-rg/providers/Microsoft.Network/networkInterfaces/6servicework-vm236",
            "type": "String"
        }
    },
    "variables": {},
    "resources": [
        {
            "type": "Microsoft.Compute/virtualMachines",
            "apiVersion": "2023-03-01",
            "name": "[parameters('virtualMachines_6servicework_vm_name')]",
            "location": "eastus",
            "tags": {
                "virtualmachine": "ms365ent"
            },
            "properties": {
                "hardwareProfile": {
                    "vmSize": "Standard_D2s_v3"
                },
                "additionalCapabilities": {
                    "hibernationEnabled": false
                },
                "storageProfile": {
                    "imageReference": {
                        "publisher": "MicrosoftWindowsServer",
                        "offer": "WindowsServer",
                        "sku": "2019-datacenter-gensecond",
                        "version": "latest"
                    },
                    "osDisk": {
                        "osType": "Windows",
                        "name": "[concat(parameters('virtualMachines_6servicework_vm_name'), '_disk1_9eeeeb78527f4130b03b188a4017c7ca')]",
                        "createOption": "FromImage",
                        "caching": "ReadWrite",
                        "managedDisk": {
                            "id": "[parameters('disks_6servicework_vm_disk1_9eeeeb78527f4130b03b188a4017c7ca_externalid')]"
                        },
                        "deleteOption": "Delete"
                    },
                    "dataDisks": [],
                    "diskControllerType": "SCSI"
                },
                "osProfile": {
                    "computerName": "[parameters('virtualMachines_6servicework_vm_name')]",
                    "adminUsername": "azureuser",
                    "windowsConfiguration": {
                        "provisionVMAgent": true,
                        "enableAutomaticUpdates": true,
                        "patchSettings": {
                            "patchMode": "AutomaticByOS",
                            "assessmentMode": "ImageDefault",
                            "enableHotpatching": false
                        },
                        "enableVMAgentPlatformUpdates": false
                    },
                    "secrets": [],
                    "allowExtensionOperations": true,
                    "requireGuestProvisionSignal": true
                },
                "securityProfile": {
                    "uefiSettings": {
                        "secureBootEnabled": true,
                        "vTpmEnabled": true
                    },
                    "securityType": "TrustedLaunch"
                },
                "networkProfile": {
                    "networkInterfaces": [
                        {
                            "id": "[parameters('networkInterfaces_6servicework_vm236_externalid')]",
                            "properties": {
                                "deleteOption": "Detach"
                            }
                        }
                    ]
                },
                "diagnosticsProfile": {
                    "bootDiagnostics": {
                        "enabled": true
                    }
                }
            }
        }
    ]
}