{
    "$schema": "https://schema.management.azure.com/schemas/2019-04-01/deploymentTemplate.json#",
    "contentVersion": "1.0.0.0",
    "parameters": {
        "networkSecurityGroups_6servicework_vm_nsg_name": {
            "defaultValue": "6servicework-vm-nsg",
            "type": "String"
        }
    },
    "variables": {},
    "resources": [
        {
            "type": "Microsoft.Network/networkSecurityGroups",
            "apiVersion": "2023-06-01",
            "name": "[parameters('networkSecurityGroups_6servicework_vm_nsg_name')]",
            "location": "eastus",
            "tags": {
                "virtualmachine": "ms365ent"
            },
            "properties": {
                "securityRules": []
            }
        }
    ]
}