{
    "$schema": "https://schema.management.azure.com/schemas/2019-04-01/deploymentTemplate.json#",
    "contentVersion": "1.0.0.0",
    "parameters": {
        "virtualNetworks_1ms365entvnet1fw_name": {
            "defaultValue": "1ms365entvnet1fw",
            "type": "String"
        },
        "routeTables_5firewall_route_externalid": {
            "defaultValue": "/subscriptions/6cfaa4da-a4b7-4bbe-91ba-2c23438b894c/resourceGroups/test-network-rg/providers/Microsoft.Network/routeTables/5firewall-route",
            "type": "String"
        }
    },
    "variables": {},
    "resources": [
        {
            "type": "Microsoft.Network/virtualNetworks",
            "apiVersion": "2023-06-01",
            "name": "[parameters('virtualNetworks_1ms365entvnet1fw_name')]",
            "location": "eastus",
            "tags": {
                "subnet": "ms365ent"
            },
            "properties": {
                "addressSpace": {
                    "addressPrefixes": [
                        "10.0.0.0/16"
                    ]
                },
                "encryption": {
                    "enabled": false,
                    "enforcement": "AllowUnencrypted"
                },
                "subnets": [
                    {
                        "name": "AzFWManagementSubnet",
                        "id": "[resourceId('Microsoft.Network/virtualNetworks/subnets', parameters('virtualNetworks_1ms365entvnet1fw_name'), 'AzFWManagementSubnet')]",
                        "properties": {
                            "addressPrefixes": [
                                "10.0.0.0/26"
                            ],
                            "delegations": [],
                            "privateEndpointNetworkPolicies": "Disabled",
                            "privateLinkServiceNetworkPolicies": "Enabled",
                            "defaultOutboundAccess": true
                        },
                        "type": "Microsoft.Network/virtualNetworks/subnets"
                    },
                    {
                        "name": "AzureFirewallSubnet",
                        "id": "[resourceId('Microsoft.Network/virtualNetworks/subnets', parameters('virtualNetworks_1ms365entvnet1fw_name'), 'AzureFirewallSubnet')]",
                        "properties": {
                            "addressPrefix": "10.0.1.0/24",
                            "serviceEndpoints": [],
                            "delegations": [],
                            "privateEndpointNetworkPolicies": "Disabled",
                            "privateLinkServiceNetworkPolicies": "Enabled"
                        },
                        "type": "Microsoft.Network/virtualNetworks/subnets"
                    },
                    {
                        "name": "WorkloadSubnet",
                        "id": "[resourceId('Microsoft.Network/virtualNetworks/subnets', parameters('virtualNetworks_1ms365entvnet1fw_name'), 'WorkloadSubnet')]",
                        "properties": {
                            "addressPrefixes": [
                                "10.0.2.0/24"
                            ],
                            "routeTable": {
                                "id": "[parameters('routeTables_5firewall_route_externalid')]"
                            },
                            "delegations": [],
                            "privateEndpointNetworkPolicies": "Disabled",
                            "privateLinkServiceNetworkPolicies": "Enabled",
                            "defaultOutboundAccess": true
                        },
                        "type": "Microsoft.Network/virtualNetworks/subnets"
                    }
                ],
                "virtualNetworkPeerings": [],
                "enableDdosProtection": false
            }
        },
        {
            "type": "Microsoft.Network/virtualNetworks/subnets",
            "apiVersion": "2023-06-01",
            "name": "[concat(parameters('virtualNetworks_1ms365entvnet1fw_name'), '/AzFWManagementSubnet')]",
            "dependsOn": [
                "[resourceId('Microsoft.Network/virtualNetworks', parameters('virtualNetworks_1ms365entvnet1fw_name'))]"
            ],
            "properties": {
                "addressPrefixes": [
                    "10.0.0.0/26"
                ],
                "delegations": [],
                "privateEndpointNetworkPolicies": "Disabled",
                "privateLinkServiceNetworkPolicies": "Enabled",
                "defaultOutboundAccess": true
            }
        },
        {
            "type": "Microsoft.Network/virtualNetworks/subnets",
            "apiVersion": "2023-06-01",
            "name": "[concat(parameters('virtualNetworks_1ms365entvnet1fw_name'), '/AzureFirewallSubnet')]",
            "dependsOn": [
                "[resourceId('Microsoft.Network/virtualNetworks', parameters('virtualNetworks_1ms365entvnet1fw_name'))]"
            ],
            "properties": {
                "addressPrefix": "10.0.1.0/24",
                "serviceEndpoints": [],
                "delegations": [],
                "privateEndpointNetworkPolicies": "Disabled",
                "privateLinkServiceNetworkPolicies": "Enabled"
            }
        },
        {
            "type": "Microsoft.Network/virtualNetworks/subnets",
            "apiVersion": "2023-06-01",
            "name": "[concat(parameters('virtualNetworks_1ms365entvnet1fw_name'), '/WorkloadSubnet')]",
            "dependsOn": [
                "[resourceId('Microsoft.Network/virtualNetworks', parameters('virtualNetworks_1ms365entvnet1fw_name'))]"
            ],
            "properties": {
                "addressPrefixes": [
                    "10.0.2.0/24"
                ],
                "routeTable": {
                    "id": "[parameters('routeTables_5firewall_route_externalid')]"
                },
                "delegations": [],
                "privateEndpointNetworkPolicies": "Disabled",
                "privateLinkServiceNetworkPolicies": "Enabled",
                "defaultOutboundAccess": true
            }
        }
    ]
}