{
    "$schema": "https://schema.management.azure.com/schemas/2019-04-01/deploymentTemplate.json#",
    "contentVersion": "1.0.0.0",
    "parameters": {
        "networkInterfaces_6servicework_vm236_name": {
            "defaultValue": "6servicework-vm236",
            "type": "String"
        },
        "virtualNetworks_1ms365entvnet1fw_externalid": {
            "defaultValue": "/subscriptions/6cfaa4da-a4b7-4bbe-91ba-2c23438b894c/resourceGroups/test-network-rg/providers/Microsoft.Network/virtualNetworks/1ms365entvnet1fw",
            "type": "String"
        },
        "networkSecurityGroups_6servicework_vm_nsg_externalid": {
            "defaultValue": "/subscriptions/6cfaa4da-a4b7-4bbe-91ba-2c23438b894c/resourceGroups/test-network-rg/providers/Microsoft.Network/networkSecurityGroups/6servicework-vm-nsg",
            "type": "String"
        }
    },
    "variables": {},
    "resources": [
        {
            "type": "Microsoft.Network/networkInterfaces",
            "apiVersion": "2023-06-01",
            "name": "[parameters('networkInterfaces_6servicework_vm236_name')]",
            "location": "eastus",
            "tags": {
                "virtualmachine": "ms365ent"
            },
            "kind": "Regular",
            "properties": {
                "ipConfigurations": [
                    {
                        "name": "ipconfig1",
                        "id": "[concat(resourceId('Microsoft.Network/networkInterfaces', parameters('networkInterfaces_6servicework_vm236_name')), '/ipConfigurations/ipconfig1')]",
                        "etag": "W/\"32532be5-85b6-4b74-9c39-adf0a0e36343\"",
                        "type": "Microsoft.Network/networkInterfaces/ipConfigurations",
                        "properties": {
                            "provisioningState": "Succeeded",
                            "privateIPAddress": "10.0.2.4",
                            "privateIPAllocationMethod": "Dynamic",
                            "subnet": {
                                "id": "[concat(parameters('virtualNetworks_1ms365entvnet1fw_externalid'), '/subnets/WorkloadSubnet')]"
                            },
                            "primary": true,
                            "privateIPAddressVersion": "IPv4"
                        }
                    }
                ],
                "dnsSettings": {
                    "dnsServers": [
                        "209.244.0.3",
                        "209.244.0.4"
                    ]
                },
                "enableAcceleratedNetworking": true,
                "enableIPForwarding": false,
                "disableTcpStateTracking": false,
                "networkSecurityGroup": {
                    "id": "[parameters('networkSecurityGroups_6servicework_vm_nsg_externalid')]"
                },
                "nicType": "Standard",
                "auxiliaryMode": "None",
                "auxiliarySku": "None"
            }
        }
    ]
}